<?xml version="1.0" encoding="UTF-8" standalone="no"?>
<beans xmlns="http://www.springframework.org/schema/beans"
	xmlns:xsi="http://www.w3.org/2001/XMLSchema-instance" xmlns:context="http://www.springframework.org/schema/context"
	xmlns:mvc="http://www.springframework.org/schema/mvc"
	xsi:schemaLocation="http://www.springframework.org/schema/beans http://www.springframework.org/schema/beans/spring-beans-3.0.xsd
        http://www.springframework.org/schema/context http://www.springframework.org/schema/context/spring-context-3.0.xsd
        http://www.springframework.org/schema/mvc http://www.springframework.org/schema/mvc/spring-mvc-3.0.xsd">

	<context:annotation-config />
	<context:component-scan base-package="com.mongo.dao" />

	<context:property-placeholder location="classpath:mongodb.properties" />

	<bean id="mongo"
		class="org.springframework.data.document.mongodb.MongoFactoryBean">
		<property name="host" value="${db.host}" />
		<property name="port" value="${db.port}"></property>
	</bean>

	<bean id="mongoTemplate" class="org.springframework.data.document.mongodb.MongoTemplate">
		<constructor-arg ref="mongo" />
		<constructor-arg name="databaseName" value="${db.database}" />
		<constructor-arg name="defaultCollectionName" value="${db.collection}" />
	</bean>

	<bean id="mongodao" class="com.mongo.dao.impl.MongoDaoImpl"></bean>

</beans>